"0","# Importing data"
"0",""
"0","library(readr)"
"0","divorce <- read_csv(""divorce.csv"")"
"2","[1mRows: [22m[34m170[39m [1mColumns: [22m[34m55[39m"
"2","[36m──[39m [1mColumn specification[22m [36m───────────────────────────────────────────────────────────────────────────[39m
[1mDelimiter:[22m "",""
[32mdbl[39m (55): Sorry_end, Ignore_diff, begin_correct, Contact, Special_time, No_home_time, 2_strange..."
"2","
[36mℹ[39m Use `spec()` to retrieve the full column specification for this data.
[36mℹ[39m Specify the column types or set `show_col_types = FALSE` to quiet this message."
"0","View(divorce)"
"0",""
